neff,"Aeff
(um^2)","dispersion
(ps/km.nm)","conf-loss
(dB/cm)"
1.38489,3.04184,42.96,1.55E-04
1.39268,2.90433,66.7628,3.25E-05
1.40035,2.78024,86.4249,6.03E-06
1.40784,2.66742,102.097,9.79E-07
1.41511,2.56412,114.007,1.38E-07
1.42213,2.46894,122.422,1.67E-08
1.428834,2.38074,127.624,1.73E-09
1.43519,2.29861,129.864,1.53E-10
1.44116,2.22181,129.341,1.17E-11
1.4467,2.14976,126.183,7.86E-13